{"MSE": 2.451921878561271, "_timestamp": 1685878606.9043598, "_runtime": 8.486487865447998, "_step": 0, "_wandb": {"runtime": 8}}