{"MSE": 2.453983836538874, "_timestamp": 1685878155.7003975, "_runtime": 11.639639377593994, "_step": 0, "_wandb": {"runtime": 10}}