{"MSE": 2.45516942990116, "_timestamp": 1685878659.246426, "_runtime": 7.006269216537476, "_step": 0, "_wandb": {"runtime": 6}}