{"MSE": 2.453983836538874, "_timestamp": 1685878349.302708, "_runtime": 13.305177927017212, "_step": 0, "_wandb": {"runtime": 14}}