{"MSE": 2.4611931065504606, "_timestamp": 1685878635.4783351, "_runtime": 9.990769147872925, "_step": 0, "_wandb": {"runtime": 9}}