{"MSE": 2.48364936524321, "_timestamp": 1685878583.2091205, "_runtime": 6.177936553955078, "_step": 0, "_wandb": {"runtime": 5}}