{"MSE": 2.450552582949612, "_timestamp": 1685878687.2667294, "_runtime": 8.912829399108887, "_step": 0, "_wandb": {"runtime": 8}}